word_lemma,pos,cefr_level,zipf_score,grade_level,sources,confidence
a,det,A1,5.5,5,"["CEFR-J"]",1
a.m./A.M./am/AM,adv,A1,5.5,5,"["CEFR-J"]",1
about,adv,A1,5.5,5,"["CEFR-J"]",1
about,prep,A1,5.5,5,"["CEFR-J"]",1
above,adv,A1,5.5,5,"["CEFR-J"]",1
above,prep,A1,5.5,5,"["CEFR-J"]",1
action,noun,A1,5.5,5,"["CEFR-J"]",1
activity,noun,A1,6,5,"["CEFR-J"]",1
actor,noun,A1,6,5,"["CEFR-J"]",1
add,verb,A1,5.5,5,"["CEFR-J"]",1
address,noun,A1,6,5,"["CEFR-J"]",1
afraid,adj,A1,5.5,5,"["CEFR-J"]",1
after,prep,A1,5.5,5,"["CEFR-J"]",1
afternoon,noun,A1,5.5,5,"["CEFR-J"]",1
again,adv,A1,5.5,5,"["CEFR-J"]",1
age,noun,A1,6,5,"["CEFR-J"]",1
ago,adv,A1,5.5,5,"["CEFR-J"]",1
agree,verb,A1,5.5,5,"["CEFR-J"]",1
airplane/aeroplane,noun,A1,6,5,"["CEFR-J"]",1
airport,noun,A1,6,5,"["CEFR-J"]",1
album,noun,A1,6,5,"["CEFR-J"]",1
all,det,A1,5.5,5,"["CEFR-J"]",1
all,pron,A1,5.5,5,"["CEFR-J"]",1
all right,adj,A1,5.5,5,"["CEFR-J"]",1
all right,adv,A1,5.5,5,"["CEFR-J"]",1
almost,adv,A1,5.5,5,"["CEFR-J"]",1
alone,adv,A1,5.5,5,"["CEFR-J"]",1
along,adv,A1,5.5,5,"["CEFR-J"]",1
already,adv,A1,5.5,5,"["CEFR-J"]",1
also,adv,A1,5.5,5,"["CEFR-J"]",1
always,adv,A1,5.5,5,"["CEFR-J"]",1
am,other,A1,5.5,5,"["CEFR-J"]",1
an,det,A1,5.5,5,"["CEFR-J"]",1
and,conj,A1,5.5,5,"["CEFR-J"]",1
angry,adj,A1,5.5,5,"["CEFR-J"]",1
animal,noun,A1,5.5,5,"["CEFR-J"]",1
another,det,A1,5.5,5,"["CEFR-J"]",1
answer,noun,A1,5.5,5,"["CEFR-J"]",1
answer,verb,A1,5.5,5,"["CEFR-J"]",1
any,det,A1,5.5,5,"["CEFR-J"]",1
any,pron,A1,5.5,5,"["CEFR-J"]",1
anybody,pron,A1,5.5,5,"["CEFR-J"]",1
anyone,pron,A1,5.5,5,"["CEFR-J"]",1
anything,pron,A1,5.5,5,"["CEFR-J"]",1
apple,noun,A1,6,5,"["CEFR-J"]",1
April,noun,A1,5.5,5,"["CEFR-J"]",1
apron,noun,A1,6,5,"["CEFR-J"]",1
are,other,A1,5.5,5,"["CEFR-J"]",1
arm,noun,A1,6,5,"["CEFR-J"]",1
around,prep,A1,5.5,5,"["CEFR-J"]",1
arrive,verb,A1,5.5,5,"["CEFR-J"]",1
art,noun,A1,6,5,"["CEFR-J"]",1
article,noun,A1,6,5,"["CEFR-J"]",1
as,prep,A1,5.5,5,"["CEFR-J"]",1
ask,verb,A1,5.5,5,"["CEFR-J"]",1
at,prep,A1,5.5,5,"["CEFR-J"]",1
August,noun,A1,5.5,5,"["CEFR-J"]",1
aunt,noun,A1,6,5,"["CEFR-J"]",1
autumn,noun,A1,5.5,5,"["CEFR-J"]",1
awake,adj,A1,5.5,5,"["CEFR-J"]",1
away,adv,A1,5.5,5,"["CEFR-J"]",1
baby,noun,A1,6,5,"["CEFR-J"]",1
back,adv,A1,5.5,5,"["CEFR-J"]",1
back,noun,A1,5.5,5,"["CEFR-J"]",1
bad,adj,A1,5.5,5,"["CEFR-J"]",1
bag,noun,A1,6,5,"["CEFR-J"]",1
ball,noun,A1,6,5,"["CEFR-J"]",1
banana,noun,A1,6,5,"["CEFR-J"]",1
band,noun,A1,6,5,"["CEFR-J"]",1
bank,noun,A1,6,5,"["CEFR-J"]",1
bar,noun,A1,6,5,"["CEFR-J"]",1
baseball,noun,A1,6,5,"["CEFR-J"]",1
basketball,noun,A1,6,5,"["CEFR-J"]",1
bat,noun,A1,5.5,5,"["CEFR-J"]",1
bath,noun,A1,6,5,"["CEFR-J"]",1
bathroom,noun,A1,6,5,"["CEFR-J"]",1
be,other,A1,5.5,5,"["CEFR-J"]",1
beach,noun,A1,6,5,"["CEFR-J"]",1
bean,noun,A1,6,5,"["CEFR-J"]",1
bear,noun,A1,5.5,5,"["CEFR-J"]",1
beautiful,adj,A1,5.5,5,"["CEFR-J"]",1
because,conj,A1,5.5,5,"["CEFR-J"]",1
become,verb,A1,5.5,5,"["CEFR-J"]",1
bed,noun,A1,6,5,"["CEFR-J"]",1
bedroom,noun,A1,6,5,"["CEFR-J"]",1
bee,noun,A1,6,5,"["CEFR-J"]",1
beef,noun,A1,6,5,"["CEFR-J"]",1
before,adv,A1,5.5,5,"["CEFR-J"]",1
before,prep,A1,5.5,5,"["CEFR-J"]",1
begin,verb,A1,5.5,5,"["CEFR-J"]",1
behind,adv,A1,5.5,5,"["CEFR-J"]",1
behind,prep,A1,5.5,5,"["CEFR-J"]",1
being,other,A1,5.5,5,"["CEFR-J"]",1
believe,verb,A1,5.5,5,"["CEFR-J"]",1
bell,noun,A1,6,5,"["CEFR-J"]",1
below,adv,A1,5.5,5,"["CEFR-J"]",1
below,prep,A1,5.5,5,"["CEFR-J"]",1
beside,prep,A1,5.5,5,"["CEFR-J"]",1
best,adj,A1,5.5,5,"["CEFR-J"]",1
best,adv,A1,5.5,5,"["CEFR-J"]",1
better,adj,A1,5.5,5,"["CEFR-J"]",1
between,prep,A1,5.5,5,"["CEFR-J"]",1
bicycle,noun,A1,6,5,"["CEFR-J"]",1
big,adj,A1,5.5,5,"["CEFR-J"]",1
bike,noun,A1,6,5,"["CEFR-J"]",1
bird,noun,A1,5.5,5,"["CEFR-J"]",1
birth,noun,A1,6,5,"["CEFR-J"]",1
birthday,noun,A1,6,5,"["CEFR-J"]",1
biscuit,noun,A1,6,5,"["CEFR-J"]",1
black,adj,A1,5.5,5,"["CEFR-J"]",1
black,noun,A1,6,5,"["CEFR-J"]",1
blank,adj,A1,5.5,5,"["CEFR-J"]",1
block,noun,A1,6,5,"["CEFR-J"]",1
blow,verb,A1,5.5,5,"["CEFR-J"]",1
blue,adj,A1,5.5,5,"["CEFR-J"]",1
blue,noun,A1,6,5,"["CEFR-J"]",1
board,noun,A1,6,5,"["CEFR-J"]",1
boat,noun,A1,6,5,"["CEFR-J"]",1
body,noun,A1,5.5,5,"["CEFR-J"]",1
bone,noun,A1,5.5,5,"["CEFR-J"]",1
book,noun,A1,6,5,"["CEFR-J"]",1
bookstore,noun,A1,6,5,"["CEFR-J"]",1
boring,adj,A1,5.5,5,"["CEFR-J"]",1
borrow,verb,A1,5.5,5,"["CEFR-J"]",1
both,adv,A1,5.5,5,"["CEFR-J"]",1
both,det,A1,5.5,5,"["CEFR-J"]",1
both,pron,A1,5.5,5,"["CEFR-J"]",1
bottle,noun,A1,6,5,"["CEFR-J"]",1
bottom,noun,A1,5.5,5,"["CEFR-J"]",1
bowl,noun,A1,6,5,"["CEFR-J"]",1
box,noun,A1,6,5,"["CEFR-J"]",1
boy,noun,A1,6,5,"["CEFR-J"]",1
boyfriend,noun,A1,6,5,"["CEFR-J"]",1
brain,noun,A1,5.5,5,"["CEFR-J"]",1
bread,noun,A1,6,5,"["CEFR-J"]",1
break,verb,A1,5.5,5,"["CEFR-J"]",1
breakfast,noun,A1,6,5,"["CEFR-J"]",1
breathe,verb,A1,5.5,5,"["CEFR-J"]",1
bridge,noun,A1,6,5,"["CEFR-J"]",1
bright,adj,A1,5.5,5,"["CEFR-J"]",1
bring,verb,A1,5.5,5,"["CEFR-J"]",1
broken,adj,A1,5.5,5,"["CEFR-J"]",1
brother,noun,A1,6,5,"["CEFR-J"]",1
brown,adj,A1,5.5,5,"["CEFR-J"]",1
brush,noun,A1,6,5,"["CEFR-J"]",1
brush,verb,A1,5.5,5,"["CEFR-J"]",1
bucket,noun,A1,6,5,"["CEFR-J"]",1
build,verb,A1,5.5,5,"["CEFR-J"]",1
building,noun,A1,6,5,"["CEFR-J"]",1
burger,noun,A1,6,5,"["CEFR-J"]",1
bus,noun,A1,6,5,"["CEFR-J"]",1
business,noun,A1,6,5,"["CEFR-J"]",1
busy,adj,A1,5.5,5,"["CEFR-J"]",1
but,conj,A1,5.5,5,"["CEFR-J"]",1
butter,noun,A1,6,5,"["CEFR-J"]",1
butterfly,noun,A1,5.5,5,"["CEFR-J"]",1
button,noun,A1,6,5,"["CEFR-J"]",1
buy,verb,A1,5.5,5,"["CEFR-J"]",1
by,prep,A1,5.5,5,"["CEFR-J"]",1
bye,noun,A1,5.5,5,"["CEFR-J"]",1
cafe/caf√©,noun,A1,6,5,"["CEFR-J"]",1
cake,noun,A1,6,5,"["CEFR-J"]",1
call,noun,A1,5.5,5,"["CEFR-J"]",1
camera,noun,A1,6,5,"["CEFR-J"]",1
camp,noun,A1,6,5,"["CEFR-J"]",1
can,other,A1,5.5,5,"["CEFR-J"]",1
candy,noun,A1,6,5,"["CEFR-J"]",1
cap,noun,A1,6,5,"["CEFR-J"]",1
car,noun,A1,6,5,"["CEFR-J"]",1
card,noun,A1,6,5,"["CEFR-J"]",1
care,noun,A1,5.5,5,"["CEFR-J"]",1
careful,adj,A1,5.5,5,"["CEFR-J"]",1
carefully,adv,A1,5.5,5,"["CEFR-J"]",1
carry,verb,A1,5.5,5,"["CEFR-J"]",1
cartoon,noun,A1,6,5,"["CEFR-J"]",1
case,noun,A1,6,5,"["CEFR-J"]",1
cat,noun,A1,5.5,5,"["CEFR-J"]",1
catch,noun,A1,5.5,5,"["CEFR-J"]",1
catch,verb,A1,5.5,5,"["CEFR-J"]",1
CD,noun,A1,6,5,"["CEFR-J"]",1
CD player,noun,A1,6,5,"["CEFR-J"]",1
celebrate,verb,A1,5.5,5,"["CEFR-J"]",1
celebration,noun,A1,5.5,5,"["CEFR-J"]",1
chair,noun,A1,6,5,"["CEFR-J"]",1
change,noun,A1,5.5,5,"["CEFR-J"]",1
change,verb,A1,5.5,5,"["CEFR-J"]",1
character,noun,A1,5.5,5,"["CEFR-J"]",1
check,noun,A1,5.5,5,"["CEFR-J"]",1
cheese,noun,A1,6,5,"["CEFR-J"]",1
chicken,noun,A1,6,5,"["CEFR-J"]",1
child,noun,A1,6,5,"["CEFR-J"]",1
chocolate,noun,A1,6,5,"["CEFR-J"]",1
choose,verb,A1,5.5,5,"["CEFR-J"]",1
church,noun,A1,6,5,"["CEFR-J"]",1
cinema,noun,A1,6,5,"["CEFR-J"]",1
circle,noun,A1,5.5,5,"["CEFR-J"]",1
city,noun,A1,5.5,5,"["CEFR-J"]",1
class,noun,A1,6,5,"["CEFR-J"]",1
classmate,noun,A1,6,5,"["CEFR-J"]",1
classroom,noun,A1,6,5,"["CEFR-J"]",1
clean,adj,A1,5.5,5,"["CEFR-J"]",1
clean,verb,A1,5.5,5,"["CEFR-J"]",1
clever,adj,A1,5.5,5,"["CEFR-J"]",1
climb,noun,A1,6,5,"["CEFR-J"]",1
clock,noun,A1,6,5,"["CEFR-J"]",1
close,adj,A1,5.5,5,"["CEFR-J"]",1
close,verb,A1,5.5,5,"["CEFR-J"]",1
closed,adj,A1,5.5,5,"["CEFR-J"]",1
cloth,noun,A1,6,5,"["CEFR-J"]",1
clothes,noun,A1,5.5,5,"["CEFR-J"]",1
cloud,noun,A1,5.5,5,"["CEFR-J"]",1
cloudy,adj,A1,5.5,5,"["CEFR-J"]",1
club,noun,A1,6,5,"["CEFR-J"]",1
coach,noun,A1,6,5,"["CEFR-J"]",1
coat,noun,A1,6,5,"["CEFR-J"]",1
code,noun,A1,5.5,5,"["CEFR-J"]",1
coffee,noun,A1,6,5,"["CEFR-J"]",1
coke,noun,A1,6,5,"["CEFR-J"]",1
cold,adj,A1,5.5,5,"["CEFR-J"]",1
cold,noun,A1,6,5,"["CEFR-J"]",1
collect,verb,A1,5.5,5,"["CEFR-J"]",1
collection,noun,A1,6,5,"["CEFR-J"]",1
college,noun,A1,6,5,"["CEFR-J"]",1
color/colour,noun,A1,6,5,"["CEFR-J"]",1
color/colour,verb,A1,6,5,"["CEFR-J"]",1
come,verb,A1,5.5,5,"["CEFR-J"]",1
computer,noun,A1,6,5,"["CEFR-J"]",1
concert,noun,A1,6,5,"["CEFR-J"]",1
contest,noun,A1,5.5,5,"["CEFR-J"]",1
conversation,noun,A1,5.5,5,"["CEFR-J"]",1
cook,noun,A1,6,5,"["CEFR-J"]",1
cook,verb,A1,5.5,5,"["CEFR-J"]",1
cookie,noun,A1,6,5,"["CEFR-J"]",1
cool,adj,A1,5.5,5,"["CEFR-J"]",1
cop,noun,A1,6,5,"["CEFR-J"]",1
copy,noun,A1,6,5,"["CEFR-J"]",1
corn,noun,A1,6,5,"["CEFR-J"]",1
corner,noun,A1,6,5,"["CEFR-J"]",1
correct,adj,A1,5.5,5,"["CEFR-J"]",1
couch,noun,A1,6,5,"["CEFR-J"]",1
could,other,A1,5.5,5,"["CEFR-J"]",1
course,noun,A1,6,5,"["CEFR-J"]",1
cousin,noun,A1,6,5,"["CEFR-J"]",1
cover,noun,A1,6,5,"["CEFR-J"]",1
cow,noun,A1,5.5,5,"["CEFR-J"]",1
cream,noun,A1,6,5,"["CEFR-J"]",1
credit card,noun,A1,6,5,"["CEFR-J"]",1
cry,noun,A1,5.5,5,"["CEFR-J"]",1
culture,noun,A1,6,5,"["CEFR-J"]",1
cup,noun,A1,6,5,"["CEFR-J"]",1
cut,verb,A1,5.5,5,"["CEFR-J"]",1
cute,adj,A1,5.5,5,"["CEFR-J"]",1
dad,noun,A1,6,5,"["CEFR-J"]",1
daddy,noun,A1,5.5,5,"["CEFR-J"]",1
dance,noun,A1,6,5,"["CEFR-J"]",1
dance,verb,A1,5.5,5,"["CEFR-J"]",1
dancing,noun,A1,6,5,"["CEFR-J"]",1
dark,adj,A1,5.5,5,"["CEFR-J"]",1
date,noun,A1,5.5,5,"["CEFR-J"]",1
daughter,noun,A1,6,5,"["CEFR-J"]",1
day,noun,A1,5.5,5,"["CEFR-J"]",1
dear,adj,A1,5.5,5,"["CEFR-J"]",1
December,noun,A1,5.5,5,"["CEFR-J"]",1
delicious,adj,A1,5.5,5,"["CEFR-J"]",1
describe,verb,A1,5.5,5,"["CEFR-J"]",1
design,noun,A1,6,5,"["CEFR-J"]",1
desk,noun,A1,6,5,"["CEFR-J"]",1
dictionary,noun,A1,6,5,"["CEFR-J"]",1
did,other,A1,5.5,5,"["CEFR-J"]",1
difference,noun,A1,5.5,5,"["CEFR-J"]",1
different,adj,A1,5.5,5,"["CEFR-J"]",1
difficult,adj,A1,5.5,5,"["CEFR-J"]",1
dig,noun,A1,5.5,5,"["CEFR-J"]",1
dining room,noun,A1,6,5,"["CEFR-J"]",1
dinner,noun,A1,6,5,"["CEFR-J"]",1
dirty,adj,A1,5.5,5,"["CEFR-J"]",1
discuss,verb,A1,5.5,5,"["CEFR-J"]",1
dish,noun,A1,6,5,"["CEFR-J"]",1
do,other,A1,5.5,5,"["CEFR-J"]",1
doctor/Dr./Dr,noun,A1,6,5,"["CEFR-J"]",1
does,other,A1,5.5,5,"["CEFR-J"]",1
dog,noun,A1,5.5,5,"["CEFR-J"]",1
doing,other,A1,5.5,5,"["CEFR-J"]",1
doll,noun,A1,6,5,"["CEFR-J"]",1
dollar,noun,A1,6,5,"["CEFR-J"]",1
door,noun,A1,6,5,"["CEFR-J"]",1
down,adv,A1,5.5,5,"["CEFR-J"]",1
drama,noun,A1,6,5,"["CEFR-J"]",1
draw,verb,A1,5.5,5,"["CEFR-J"]",1
dream,noun,A1,5.5,5,"["CEFR-J"]",1
dress,noun,A1,6,5,"["CEFR-J"]",1
drink,noun,A1,6,5,"["CEFR-J"]",1
drink,verb,A1,5.5,5,"["CEFR-J"]",1
drive,noun,A1,6,5,"["CEFR-J"]",1
driver,noun,A1,6,5,"["CEFR-J"]",1
drop,verb,A1,5.5,5,"["CEFR-J"]",1
drum,noun,A1,6,5,"["CEFR-J"]",1
dry,adj,A1,5.5,5,"["CEFR-J"]",1
due,adj,A1,5.5,5,"["CEFR-J"]",1
DVD,noun,A1,6,5,"["CEFR-J"]",1
each,det,A1,5.5,5,"["CEFR-J"]",1
each,pron,A1,5.5,5,"["CEFR-J"]",1
each other,pron,A1,5.5,5,"["CEFR-J"]",1
ear,noun,A1,5.5,5,"["CEFR-J"]",1
early,adv,A1,5.5,5,"["CEFR-J"]",1
easy,adj,A1,5.5,5,"["CEFR-J"]",1
eat,verb,A1,5.5,5,"["CEFR-J"]",1
egg,noun,A1,6,5,"["CEFR-J"]",1
eight,other,A1,5.5,5,"["CEFR-J"]",1
eighteen,other,A1,5.5,5,"["CEFR-J"]",1
eighty,other,A1,5.5,5,"["CEFR-J"]",1
either,adv,A1,5.5,5,"["CEFR-J"]",1
elementary,adj,A1,5.5,5,"["CEFR-J"]",1
eleven,other,A1,5.5,5,"["CEFR-J"]",1
else,adv,A1,5.5,5,"["CEFR-J"]",1
email/e-mail/E-mail,noun,A1,6,5,"["CEFR-J"]",1
end,noun,A1,5.5,5,"["CEFR-J"]",1
engineer,noun,A1,6,5,"["CEFR-J"]",1
enjoy,verb,A1,5.5,5,"["CEFR-J"]",1
evening,noun,A1,5.5,5,"["CEFR-J"]",1
event,noun,A1,6,5,"["CEFR-J"]",1
every,det,A1,5.5,5,"["CEFR-J"]",1
everybody,pron,A1,5.5,5,"["CEFR-J"]",1
everyday,adj,A1,5.5,5,"["CEFR-J"]",1
everyone,pron,A1,5.5,5,"["CEFR-J"]",1
everything,pron,A1,5.5,5,"["CEFR-J"]",1
everywhere,adv,A1,5.5,5,"["CEFR-J"]",1
example,noun,A1,5.5,5,"["CEFR-J"]",1
excellent,adj,A1,5.5,5,"["CEFR-J"]",1
excited,adj,A1,5.5,5,"["CEFR-J"]",1
exciting,adj,A1,5.5,5,"["CEFR-J"]",1
excuse,noun,A1,5.5,5,"["CEFR-J"]",1
exercise,verb,A1,5.5,5,"["CEFR-J"]",1
expensive,adj,A1,5.5,5,"["CEFR-J"]",1
eye,noun,A1,5.5,5,"["CEFR-J"]",1
face,noun,A1,5.5,5,"["CEFR-J"]",1
factory,noun,A1,6,5,"["CEFR-J"]",1
fair,adj,A1,5.5,5,"["CEFR-J"]",1
fairy,noun,A1,6,5,"["CEFR-J"]",1
false,adj,A1,5.5,5,"["CEFR-J"]",1
family,noun,A1,6,5,"["CEFR-J"]",1
famous,adj,A1,5.5,5,"["CEFR-J"]",1
fan,noun,A1,6,5,"["CEFR-J"]",1
farm,noun,A1,6,5,"["CEFR-J"]",1
farmer,noun,A1,6,5,"["CEFR-J"]",1
fast,adj,A1,5.5,5,"["CEFR-J"]",1
fast,adv,A1,5.5,5,"["CEFR-J"]",1
fat,adj,A1,5.5,5,"["CEFR-J"]",1
father,noun,A1,6,5,"["CEFR-J"]",1
favorite/favourite,adj,A1,5.5,5,"["CEFR-J"]",1
favorite/favourite,noun,A1,5.5,5,"["CEFR-J"]",1
February,noun,A1,5.5,5,"["CEFR-J"]",1
feed,noun,A1,6,5,"["CEFR-J"]",1
feel,verb,A1,5.5,5,"["CEFR-J"]",1
feeling,noun,A1,5.5,5,"["CEFR-J"]",1
festival,noun,A1,6,5,"["CEFR-J"]",1
fever,noun,A1,6,5,"["CEFR-J"]",1
field,noun,A1,6,5,"["CEFR-J"]",1
fifteen,other,A1,5.5,5,"["CEFR-J"]",1
fifty,other,A1,5.5,5,"["CEFR-J"]",1
fight,noun,A1,6,5,"["CEFR-J"]",1
file,noun,A1,6,5,"["CEFR-J"]",1
fill,verb,A1,5.5,5,"["CEFR-J"]",1
find,verb,A1,5.5,5,"["CEFR-J"]",1
fine,adj,A1,5.5,5,"["CEFR-J"]",1
finish,noun,A1,5.5,5,"["CEFR-J"]",1
finish,verb,A1,5.5,5,"["CEFR-J"]",1
fire,noun,A1,5.5,5,"["CEFR-J"]",1
first,adj,A1,5.5,5,"["CEFR-J"]",1
first,adv,A1,5.5,5,"["CEFR-J"]",1
fish,noun,A1,6,5,"["CEFR-J"]",1
fishing,noun,A1,6,5,"["CEFR-J"]",1
five,other,A1,5.5,5,"["CEFR-J"]",1
flag,noun,A1,6,5,"["CEFR-J"]",1
flat,noun,A1,6,5,"["CEFR-J"]",1
floor,noun,A1,6,5,"["CEFR-J"]",1
flower,noun,A1,5.5,5,"["CEFR-J"]",1
fly,noun,A1,6,5,"["CEFR-J"]",1
fly,verb,A1,5.5,5,"["CEFR-J"]",1
focus,verb,A1,5.5,5,"["CEFR-J"]",1
foggy,adj,A1,5.5,5,"["CEFR-J"]",1
following,adj,A1,5.5,5,"["CEFR-J"]",1
food,noun,A1,6,5,"["CEFR-J"]",1
football,noun,A1,6,5,"["CEFR-J"]",1
for,prep,A1,5.5,5,"["CEFR-J"]",1
foreign,adj,A1,5.5,5,"["CEFR-J"]",1
foreigner,noun,A1,5.5,5,"["CEFR-J"]",1
forget,verb,A1,5.5,5,"["CEFR-J"]",1
form,noun,A1,5.5,5,"["CEFR-J"]",1
forty,other,A1,5.5,5,"["CEFR-J"]",1
four,other,A1,5.5,5,"["CEFR-J"]",1
fourteen,other,A1,5.5,5,"["CEFR-J"]",1
free,adj,A1,5.5,5,"["CEFR-J"]",1
Friday,noun,A1,5.5,5,"["CEFR-J"]",1
friend,noun,A1,6,5,"["CEFR-J"]",1
frog,noun,A1,5.5,5,"["CEFR-J"]",1
from,prep,A1,5.5,5,"["CEFR-J"]",1
front,adj,A1,5.5,5,"["CEFR-J"]",1
fruit,noun,A1,6,5,"["CEFR-J"]",1
full,adj,A1,5.5,5,"["CEFR-J"]",1
fun,adj,A1,5.5,5,"["CEFR-J"]",1
fun,noun,A1,6,5,"["CEFR-J"]",1
funny,adj,A1,5.5,5,"["CEFR-J"]",1
future,noun,A1,5.5,5,"["CEFR-J"]",1
game,noun,A1,6,5,"["CEFR-J"]",1
garbage,noun,A1,6,5,"["CEFR-J"]",1
garden,noun,A1,6,5,"["CEFR-J"]",1
get,verb,A1,5.5,5,"["CEFR-J"]",1
ghost,noun,A1,5.5,5,"["CEFR-J"]",1
gift,noun,A1,6,5,"["CEFR-J"]",1
girl,noun,A1,5.5,5,"["CEFR-J"]",1
girlfriend,noun,A1,6,5,"["CEFR-J"]",1
give,verb,A1,5.5,5,"["CEFR-J"]",1
glad,adj,A1,5.5,5,"["CEFR-J"]",1
glass,noun,A1,6,5,"["CEFR-J"]",1
glasses,noun,A1,6,5,"["CEFR-J"]",1
go,verb,A1,5.5,5,"["CEFR-J"]",1
goal,noun,A1,5.5,5,"["CEFR-J"]",1
gold,adj,A1,5.5,5,"["CEFR-J"]",1
good,adj,A1,5.5,5,"["CEFR-J"]",1
good afternoon,other,A1,5.5,5,"["CEFR-J"]",1
good morning,other,A1,5.5,5,"["CEFR-J"]",1
good night,other,A1,5.5,5,"["CEFR-J"]",1
grade,noun,A1,5.5,5,"["CEFR-J"]",1
grammar,noun,A1,6,5,"["CEFR-J"]",1
grandfather,noun,A1,6,5,"["CEFR-J"]",1
grandma,noun,A1,6,5,"["CEFR-J"]",1
grandmother,noun,A1,6,5,"["CEFR-J"]",1
grandpa,noun,A1,6,5,"["CEFR-J"]",1
grandparent,noun,A1,6,5,"["CEFR-J"]",1
grape,noun,A1,6,5,"["CEFR-J"]",1
grass,noun,A1,6,5,"["CEFR-J"]",1
gray/grey,adj,A1,6,5,"["CEFR-J"]",1
gray/grey,noun,A1,6,5,"["CEFR-J"]",1
great,adj,A1,5.5,5,"["CEFR-J"]",1
green,adj,A1,6,5,"["CEFR-J"]",1
greet,verb,A1,5.5,5,"["CEFR-J"]",1
ground,noun,A1,6,5,"["CEFR-J"]",1
group,noun,A1,5.5,5,"["CEFR-J"]",1
grow,verb,A1,5.5,5,"["CEFR-J"]",1
guess,verb,A1,5.5,5,"["CEFR-J"]",1
guest,noun,A1,5.5,5,"["CEFR-J"]",1
guitar,noun,A1,6,5,"["CEFR-J"]",1
guy,noun,A1,5.5,5,"["CEFR-J"]",1
habit,noun,A1,6,5,"["CEFR-J"]",1
had,other,A1,5.5,5,"["CEFR-J"]",1
hair,noun,A1,6,5,"["CEFR-J"]",1
haircut,noun,A1,5.5,5,"["CEFR-J"]",1
half,noun,A1,5.5,5,"["CEFR-J"]",1
hall,noun,A1,6,5,"["CEFR-J"]",1
hamburger,noun,A1,6,5,"["CEFR-J"]",1
hand,noun,A1,5.5,5,"["CEFR-J"]",1
handsome,adj,A1,5.5,5,"["CEFR-J"]",1
happen,verb,A1,5.5,5,"["CEFR-J"]",1
happy,adj,A1,5.5,5,"["CEFR-J"]",1
hard,adj,A1,5.5,5,"["CEFR-J"]",1
hard,adv,A1,5.5,5,"["CEFR-J"]",1
has,other,A1,5.5,5,"["CEFR-J"]",1
hat,noun,A1,6,5,"["CEFR-J"]",1
have,other,A1,5.5,5,"["CEFR-J"]",1
have to,other,A1,5.5,5,"["CEFR-J"]",1
having,other,A1,5.5,5,"["CEFR-J"]",1
he,pron,A1,5.5,5,"["CEFR-J"]",1
head,noun,A1,5.5,5,"["CEFR-J"]",1
headache,noun,A1,6,5,"["CEFR-J"]",1
health,noun,A1,6,5,"["CEFR-J"]",1
healthy,adj,A1,5.5,5,"["CEFR-J"]",1
hear,verb,A1,5.5,5,"["CEFR-J"]",1
heart,noun,A1,5.5,5,"["CEFR-J"]",1
heavy,adj,A1,5.5,5,"["CEFR-J"]",1
hello,noun,A1,5.5,5,"["CEFR-J"]",1
help,verb,A1,5.5,5,"["CEFR-J"]",1
her,det,A1,5.5,5,"["CEFR-J"]",1
her,pron,A1,5.5,5,"["CEFR-J"]",1
here,adv,A1,5.5,5,"["CEFR-J"]",1
hers,pron,A1,5.5,5,"["CEFR-J"]",1
hi,other,A1,5.5,5,"["CEFR-J"]",1
hide,verb,A1,5.5,5,"["CEFR-J"]",1
high,adj,A1,5.5,5,"["CEFR-J"]",1
hill,noun,A1,6,5,"["CEFR-J"]",1
him,pron,A1,5.5,5,"["CEFR-J"]",1
his,det,A1,5.5,5,"["CEFR-J"]",1
his,pron,A1,5.5,5,"["CEFR-J"]",1
history,noun,A1,6,5,"["CEFR-J"]",1
hobby,noun,A1,6,5,"["CEFR-J"]",1
hold,noun,A1,5.5,5,"["CEFR-J"]",1
hole,noun,A1,6,5,"["CEFR-J"]",1
holiday,noun,A1,6,5,"["CEFR-J"]",1
home,noun,A1,6,5,"["CEFR-J"]",1
hometown,noun,A1,6,5,"["CEFR-J"]",1
homework,noun,A1,6,5,"["CEFR-J"]",1
hope,noun,A1,5.5,5,"["CEFR-J"]",1
horse,noun,A1,5.5,5,"["CEFR-J"]",1
hospital,noun,A1,6,5,"["CEFR-J"]",1
hot,adj,A1,5.5,5,"["CEFR-J"]",1
hotel,noun,A1,6,5,"["CEFR-J"]",1
hour,noun,A1,5.5,5,"["CEFR-J"]",1
house,noun,A1,6,5,"["CEFR-J"]",1
how,adv,A1,5.5,5,"["CEFR-J"]",1
hungry,adj,A1,5.5,5,"["CEFR-J"]",1
hurry,noun,A1,5.5,5,"["CEFR-J"]",1
hurt,verb,A1,5.5,5,"["CEFR-J"]",1
husband,noun,A1,6,5,"["CEFR-J"]",1
I,pron,A1,5.5,5,"["CEFR-J"]",1
ice,noun,A1,6,5,"["CEFR-J"]",1
ice cream,noun,A1,6,5,"["CEFR-J"]",1
idea,noun,A1,5.5,5,"["CEFR-J"]",1
ideal,adj,A1,5.5,5,"["CEFR-J"]",1
if,conj,A1,5.5,5,"["CEFR-J"]",1
imagine,verb,A1,5.5,5,"["CEFR-J"]",1
important,adj,A1,5.5,5,"["CEFR-J"]",1
in,prep,A1,5.5,5,"["CEFR-J"]",1
information,noun,A1,6,5,"["CEFR-J"]",1
inside,prep,A1,5.5,5,"["CEFR-J"]",1
interested,adj,A1,5.5,5,"["CEFR-J"]",1
interesting,adj,A1,5.5,5,"["CEFR-J"]",1
Internet/internet,noun,A1,6,5,"["CEFR-J"]",1
interview,noun,A1,5.5,5,"["CEFR-J"]",1
interviewer,noun,A1,5.5,5,"["CEFR-J"]",1
into,prep,A1,5.5,5,"["CEFR-J"]",1
introduce,verb,A1,5.5,5,"["CEFR-J"]",1
is,other,A1,5.5,5,"["CEFR-J"]",1
island,noun,A1,6,5,"["CEFR-J"]",1
it,pron,A1,5.5,5,"["CEFR-J"]",1
item,noun,A1,6,5,"["CEFR-J"]",1
its,det,A1,5.5,5,"["CEFR-J"]",1
its,pron,A1,5.5,5,"["CEFR-J"]",1
jacket,noun,A1,6,5,"["CEFR-J"]",1
January,noun,A1,5.5,5,"["CEFR-J"]",1
jeans,noun,A1,6,5,"["CEFR-J"]",1
jet,noun,A1,6,5,"["CEFR-J"]",1
jewelry/jewellery,noun,A1,6,5,"["CEFR-J"]",1
job,noun,A1,6,5,"["CEFR-J"]",1
join,verb,A1,5.5,5,"["CEFR-J"]",1
judge,verb,A1,5.5,5,"["CEFR-J"]",1
juice,noun,A1,6,5,"["CEFR-J"]",1
July,noun,A1,5.5,5,"["CEFR-J"]",1
jump,verb,A1,5.5,5,"["CEFR-J"]",1
June,noun,A1,5.5,5,"["CEFR-J"]",1
just,adv,A1,5.5,5,"["CEFR-J"]",1
keep,verb,A1,5.5,5,"["CEFR-J"]",1
key,adj,A1,5.5,5,"["CEFR-J"]",1
key,noun,A1,6,5,"["CEFR-J"]",1
kick,noun,A1,5.5,5,"["CEFR-J"]",1
kick,verb,A1,5.5,5,"["CEFR-J"]",1
kid,noun,A1,6,5,"["CEFR-J"]",1
kill,verb,A1,5.5,5,"["CEFR-J"]",1
kind,noun,A1,5.5,5,"["CEFR-J"]",1
king,noun,A1,6,5,"["CEFR-J"]",1
kiss,noun,A1,5.5,5,"["CEFR-J"]",1
kitchen,noun,A1,6,5,"["CEFR-J"]",1
kite,noun,A1,6,5,"["CEFR-J"]",1
knee,noun,A1,5.5,5,"["CEFR-J"]",1
knife,noun,A1,6,5,"["CEFR-J"]",1
know,verb,A1,5.5,5,"["CEFR-J"]",1
lady,noun,A1,6,5,"["CEFR-J"]",1
language,noun,A1,6,5,"["CEFR-J"]",1
large,adj,A1,5.5,5,"["CEFR-J"]",1
last name,noun,A1,5.5,5,"["CEFR-J"]",1
late,adj,A1,5.5,5,"["CEFR-J"]",1
late,adv,A1,5.5,5,"["CEFR-J"]",1
later,adv,A1,5.5,5,"["CEFR-J"]",1
laugh,verb,A1,5.5,5,"["CEFR-J"]",1
lazy,adj,A1,5.5,5,"["CEFR-J"]",1
leader,noun,A1,6,5,"["CEFR-J"]",1
leaf,noun,A1,6,5,"["CEFR-J"]",1
learn,verb,A1,5.5,5,"["CEFR-J"]",1
leave,verb,A1,5.5,5,"["CEFR-J"]",1
left,adj,A1,5.5,5,"["CEFR-J"]",1
leg,noun,A1,5.5,5,"["CEFR-J"]",1
lesson,noun,A1,6,5,"["CEFR-J"]",1
let,verb,A1,5.5,5,"["CEFR-J"]",1
letter,noun,A1,6,5,"["CEFR-J"]",1
library,noun,A1,6,5,"["CEFR-J"]",1
life,noun,A1,5.5,5,"["CEFR-J"]",1
light,adj,A1,5.5,5,"["CEFR-J"]",1
light,noun,A1,5.5,5,"["CEFR-J"]",1
like,prep,A1,5.5,5,"["CEFR-J"]",1
like,verb,A1,5.5,5,"["CEFR-J"]",1
lily,noun,A1,5.5,5,"["CEFR-J"]",1
line,noun,A1,5.5,5,"["CEFR-J"]",1
lion,noun,A1,5.5,5,"["CEFR-J"]",1
list,noun,A1,6,5,"["CEFR-J"]",1
listen,verb,A1,5.5,5,"["CEFR-J"]",1
little,adj,A1,5.5,5,"["CEFR-J"]",1
little,adv,A1,5.5,5,"["CEFR-J"]",1
live,verb,A1,5.5,5,"["CEFR-J"]",1
living,adj,A1,5.5,5,"["CEFR-J"]",1
living room,noun,A1,6,5,"["CEFR-J"]",1
lonely,adj,A1,5.5,5,"["CEFR-J"]",1
long,adj,A1,5.5,5,"["CEFR-J"]",1
look,noun,A1,5.5,5,"["CEFR-J"]",1
look,verb,A1,5.5,5,"["CEFR-J"]",1
lot,adv,A1,5.5,5,"["CEFR-J"]",1
lot,pron,A1,5.5,5,"["CEFR-J"]",1
love,noun,A1,5.5,5,"["CEFR-J"]",1
love,verb,A1,5.5,5,"["CEFR-J"]",1
lovely,adj,A1,5.5,5,"["CEFR-J"]",1
luck,noun,A1,5.5,5,"["CEFR-J"]",1
lucky,adj,A1,5.5,5,"["CEFR-J"]",1
lunch,noun,A1,6,5,"["CEFR-J"]",1
'm,other,A1,5.5,5,"["CEFR-J"]",1
machine,noun,A1,6,5,"["CEFR-J"]",1
magazine,noun,A1,6,5,"["CEFR-J"]",1
mail,noun,A1,6,5,"["CEFR-J"]",1
make,verb,A1,5.5,5,"["CEFR-J"]",1
man,noun,A1,6,5,"["CEFR-J"]",1
many,det,A1,5.5,5,"["CEFR-J"]",1
many,pron,A1,5.5,5,"["CEFR-J"]",1
map,noun,A1,6,5,"["CEFR-J"]",1
March,noun,A1,5.5,5,"["CEFR-J"]",1
match,noun,A1,6,5,"["CEFR-J"]",1
math/maths,noun,A1,6,5,"["CEFR-J"]",1
matter,noun,A1,5.5,5,"["CEFR-J"]",1
may,other,A1,5.5,5,"["CEFR-J"]",1
May,noun,A1,5.5,5,"["CEFR-J"]",1
maybe,adv,A1,5.5,5,"["CEFR-J"]",1
me,pron,A1,5.5,5,"["CEFR-J"]",1
meal,noun,A1,6,5,"["CEFR-J"]",1
mean,verb,A1,5.5,5,"["CEFR-J"]",1
meat,noun,A1,6,5,"["CEFR-J"]",1
medicine,noun,A1,6,5,"["CEFR-J"]",1
meet,verb,A1,5.5,5,"["CEFR-J"]",1
meeting,noun,A1,5.5,5,"["CEFR-J"]",1
memory,noun,A1,5.5,5,"["CEFR-J"]",1
merry,adj,A1,5.5,5,"["CEFR-J"]",1
message,noun,A1,6,5,"["CEFR-J"]",1
middle,adj,A1,5.5,5,"["CEFR-J"]",1
milk,noun,A1,6,5,"["CEFR-J"]",1
mind,noun,A1,5.5,5,"["CEFR-J"]",1
mine,pron,A1,5.5,5,"["CEFR-J"]",1
minute,noun,A1,5.5,5,"["CEFR-J"]",1
Miss,noun,A1,5.5,5,"["CEFR-J"]",1
miss,verb,A1,5.5,5,"["CEFR-J"]",1
mobile,noun,A1,6,5,"["CEFR-J"]",1
mobile phone,noun,A1,6,5,"["CEFR-J"]",1
mom,noun,A1,6,5,"["CEFR-J"]",1
moment,noun,A1,5.5,5,"["CEFR-J"]",1
mommy/mommie,noun,A1,5.5,5,"["CEFR-J"]",1
Monday,noun,A1,5.5,5,"["CEFR-J"]",1
money,noun,A1,6,5,"["CEFR-J"]",1
monkey,noun,A1,5.5,5,"["CEFR-J"]",1
month,noun,A1,5.5,5,"["CEFR-J"]",1
moon,noun,A1,5.5,5,"["CEFR-J"]",1
more,det,A1,5.5,5,"["CEFR-J"]",1
more,pron,A1,5.5,5,"["CEFR-J"]",1
morning,noun,A1,5.5,5,"["CEFR-J"]",1
most,det,A1,5.5,5,"["CEFR-J"]",1
mother,noun,A1,6,5,"["CEFR-J"]",1
mountain,noun,A1,6,5,"["CEFR-J"]",1
mouse,noun,A1,5.5,5,"["CEFR-J"]",1
mouth,noun,A1,5.5,5,"["CEFR-J"]",1
move,noun,A1,5.5,5,"["CEFR-J"]",1
movie,noun,A1,6,5,"["CEFR-J"]",1
Mr./Mr,noun,A1,5.5,5,"["CEFR-J"]",1
Mrs./Mrs,noun,A1,5.5,5,"["CEFR-J"]",1
much,adv,A1,5.5,5,"["CEFR-J"]",1
much,det,A1,5.5,5,"["CEFR-J"]",1
much,pron,A1,5.5,5,"["CEFR-J"]",1
mum,noun,A1,6,5,"["CEFR-J"]",1
music,noun,A1,6,5,"["CEFR-J"]",1
musician,noun,A1,6,5,"["CEFR-J"]",1
must,other,A1,5.5,5,"["CEFR-J"]",1
my,det,A1,5.5,5,"["CEFR-J"]",1
name,noun,A1,6,5,"["CEFR-J"]",1
nationality,noun,A1,6,5,"["CEFR-J"]",1
near,prep,A1,5.5,5,"["CEFR-J"]",1
neck,noun,A1,5.5,5,"["CEFR-J"]",1
need,other,A1,5.5,5,"["CEFR-J"]",1
neighbor/neighbour,noun,A1,6,5,"["CEFR-J"]",1
never,adv,A1,5.5,5,"["CEFR-J"]",1
new,adj,A1,5.5,5,"["CEFR-J"]",1
news,noun,A1,6,5,"["CEFR-J"]",1
newspaper,noun,A1,6,5,"["CEFR-J"]",1
nice,adj,A1,5.5,5,"["CEFR-J"]",1
night,noun,A1,5.5,5,"["CEFR-J"]",1
nine,other,A1,5.5,5,"["CEFR-J"]",1
nineteen,other,A1,5.5,5,"["CEFR-J"]",1
ninety,other,A1,5.5,5,"["CEFR-J"]",1
no,adv,A1,5.5,5,"["CEFR-J"]",1
no,det,A1,5.5,5,"["CEFR-J"]",1
noise,noun,A1,5.5,5,"["CEFR-J"]",1
nose,noun,A1,5.5,5,"["CEFR-J"]",1
not,adv,A1,5.5,5,"["CEFR-J"]",1
note,noun,A1,6,5,"["CEFR-J"]",1
note,verb,A1,5.5,5,"["CEFR-J"]",1
notebook,noun,A1,6,5,"["CEFR-J"]",1
nothing,pron,A1,5.5,5,"["CEFR-J"]",1
November,noun,A1,5.5,5,"["CEFR-J"]",1
now,adv,A1,5.5,5,"["CEFR-J"]",1
number,noun,A1,5.5,5,"["CEFR-J"]",1
nurse,noun,A1,6,5,"["CEFR-J"]",1
o'clock,adv,A1,5.5,5,"["CEFR-J"]",1
October,noun,A1,5.5,5,"["CEFR-J"]",1
of,prep,A1,5.5,5,"["CEFR-J"]",1
off,adj,A1,5.5,5,"["CEFR-J"]",1
office,noun,A1,6,5,"["CEFR-J"]",1
officer,noun,A1,6,5,"["CEFR-J"]",1
often,adv,A1,5.5,5,"["CEFR-J"]",1
OK/okay,adj,A1,5.5,5,"["CEFR-J"]",1
OK/okay,adv,A1,5.5,5,"["CEFR-J"]",1
old,adj,A1,5.5,5,"["CEFR-J"]",1
Olympics,noun,A1,6,5,"["CEFR-J"]",1
on,prep,A1,5.5,5,"["CEFR-J"]",1
once,adv,A1,5.5,5,"["CEFR-J"]",1
one,det,A1,5.5,5,"["CEFR-J"]",1
one,other,A1,5.5,5,"["CEFR-J"]",1
only,adj,A1,5.5,5,"["CEFR-J"]",1
only,adv,A1,5.5,5,"["CEFR-J"]",1
open,adj,A1,5.5,5,"["CEFR-J"]",1
open,verb,A1,5.5,5,"["CEFR-J"]",1
opera,noun,A1,6,5,"["CEFR-J"]",1
or,conj,A1,5.5,5,"["CEFR-J"]",1
orange,adj,A1,5.5,5,"["CEFR-J"]",1
orange,noun,A1,6,5,"["CEFR-J"]",1
order,noun,A1,5.5,5,"["CEFR-J"]",1
other,det,A1,5.5,5,"["CEFR-J"]",1
our,det,A1,5.5,5,"["CEFR-J"]",1
ours,pron,A1,5.5,5,"["CEFR-J"]",1
out,adv,A1,5.5,5,"["CEFR-J"]",1
outside,adv,A1,5.5,5,"["CEFR-J"]",1
over,prep,A1,5.5,5,"["CEFR-J"]",1
own,adj,A1,5.5,5,"["CEFR-J"]",1
owner,noun,A1,6,5,"["CEFR-J"]",1
p.m./P.M./pm/PM,adv,A1,5.5,5,"["CEFR-J"]",1
page,noun,A1,6,5,"["CEFR-J"]",1
paint,noun,A1,6,5,"["CEFR-J"]",1
paint,verb,A1,5.5,5,"["CEFR-J"]",1
painting,noun,A1,6,5,"["CEFR-J"]",1
pair,noun,A1,5.5,5,"["CEFR-J"]",1
palace,noun,A1,6,5,"["CEFR-J"]",1
pants,noun,A1,6,5,"["CEFR-J"]",1
paper,noun,A1,6,5,"["CEFR-J"]",1
paragraph,noun,A1,6,5,"["CEFR-J"]",1
pardon,noun,A1,5.5,5,"["CEFR-J"]",1
parent,noun,A1,6,5,"["CEFR-J"]",1
park,noun,A1,6,5,"["CEFR-J"]",1
partner,noun,A1,6,5,"["CEFR-J"]",1
party,noun,A1,6,5,"["CEFR-J"]",1
past,adv,A1,5.5,5,"["CEFR-J"]",1
past,prep,A1,5.5,5,"["CEFR-J"]",1
pay,noun,A1,6,5,"["CEFR-J"]",1
pay,verb,A1,5.5,5,"["CEFR-J"]",1
peace,noun,A1,5.5,5,"["CEFR-J"]",1
pen,noun,A1,6,5,"["CEFR-J"]",1
pencil,noun,A1,6,5,"["CEFR-J"]",1
people,noun,A1,5.5,5,"["CEFR-J"]",1
period,noun,A1,5.5,5,"["CEFR-J"]",1
person,noun,A1,5.5,5,"["CEFR-J"]",1
personal,adj,A1,5.5,5,"["CEFR-J"]",1
pet,noun,A1,6,5,"["CEFR-J"]",1
phone,noun,A1,6,5,"["CEFR-J"]",1
phone,verb,A1,5.5,5,"["CEFR-J"]",1
photo,noun,A1,6,5,"["CEFR-J"]",1
piano,noun,A1,6,5,"["CEFR-J"]",1
pick,verb,A1,5.5,5,"["CEFR-J"]",1
picnic,noun,A1,6,5,"["CEFR-J"]",1
picture,noun,A1,6,5,"["CEFR-J"]",1
piece,noun,A1,5.5,5,"["CEFR-J"]",1
pig,noun,A1,5.5,5,"["CEFR-J"]",1
pink,adj,A1,5.5,5,"["CEFR-J"]",1
pizza,noun,A1,6,5,"["CEFR-J"]",1
place,noun,A1,5.5,5,"["CEFR-J"]",1
plan,noun,A1,6,5,"["CEFR-J"]",1
plane,noun,A1,6,5,"["CEFR-J"]",1
play,noun,A1,6,5,"["CEFR-J"]",1
play,verb,A1,5.5,5,"["CEFR-J"]",1
player,noun,A1,6,5,"["CEFR-J"]",1
please,adv,A1,5.5,5,"["CEFR-J"]",1
pleasure,noun,A1,5.5,5,"["CEFR-J"]",1
pocket,noun,A1,6,5,"["CEFR-J"]",1
poem,noun,A1,6,5,"["CEFR-J"]",1
point,noun,A1,5.5,5,"["CEFR-J"]",1
pollution,noun,A1,6,5,"["CEFR-J"]",1
pool,noun,A1,6,5,"["CEFR-J"]",1
poor,adj,A1,5.5,5,"["CEFR-J"]",1
pop,noun,A1,5.5,5,"["CEFR-J"]",1
post,noun,A1,6,5,"["CEFR-J"]",1
poster,noun,A1,6,5,"["CEFR-J"]",1
potato,noun,A1,6,5,"["CEFR-J"]",1
practice,noun,A1,6,5,"["CEFR-J"]",1
practice/practise,verb,A1,5.5,5,"["CEFR-J"]",1
pray,verb,A1,5.5,5,"["CEFR-J"]",1
present,noun,A1,5.5,5,"["CEFR-J"]",1
pretty,adj,A1,5.5,5,"["CEFR-J"]",1
price,noun,A1,6,5,"["CEFR-J"]",1
prince,noun,A1,6,5,"["CEFR-J"]",1
princess,noun,A1,6,5,"["CEFR-J"]",1
problem,noun,A1,5.5,5,"["CEFR-J"]",1
program/programme,noun,A1,6,5,"["CEFR-J"]",1
purple,noun,A1,6,5,"["CEFR-J"]",1
push,verb,A1,5.5,5,"["CEFR-J"]",1
put,verb,A1,5.5,5,"["CEFR-J"]",1
quarter,noun,A1,5.5,5,"["CEFR-J"]",1
question,noun,A1,5.5,5,"["CEFR-J"]",1
quickly,adv,A1,5.5,5,"["CEFR-J"]",1
quiet,adj,A1,5.5,5,"["CEFR-J"]",1
rabbit,noun,A1,5.5,5,"["CEFR-J"]",1
radio,noun,A1,6,5,"["CEFR-J"]",1
rain,noun,A1,6,5,"["CEFR-J"]",1
rain,verb,A1,5.5,5,"["CEFR-J"]",1
rainy,adj,A1,5.5,5,"["CEFR-J"]",1
rat,noun,A1,5.5,5,"["CEFR-J"]",1
're,other,A1,5.5,5,"["CEFR-J"]",1
read,verb,A1,5.5,5,"["CEFR-J"]",1
reader,noun,A1,6,5,"["CEFR-J"]",1
reading,noun,A1,6,5,"["CEFR-J"]",1
ready,adj,A1,5.5,5,"["CEFR-J"]",1
real,adj,A1,5.5,5,"["CEFR-J"]",1
real,adv,A1,5.5,5,"["CEFR-J"]",1
really,adv,A1,5.5,5,"["CEFR-J"]",1
reason,noun,A1,5.5,5,"["CEFR-J"]",1
red,adj,A1,5.5,5,"["CEFR-J"]",1
remember,verb,A1,5.5,5,"["CEFR-J"]",1
repeat,verb,A1,5.5,5,"["CEFR-J"]",1
reporter,noun,A1,6,5,"["CEFR-J"]",1
restaurant,noun,A1,6,5,"["CEFR-J"]",1
result,noun,A1,5.5,5,"["CEFR-J"]",1
review,noun,A1,6,5,"["CEFR-J"]",1
ribbon,noun,A1,5.5,5,"["CEFR-J"]",1
rice,noun,A1,6,5,"["CEFR-J"]",1
rich,adj,A1,5.5,5,"["CEFR-J"]",1
ride,noun,A1,6,5,"["CEFR-J"]",1
ride,verb,A1,5.5,5,"["CEFR-J"]",1
right,adj,A1,5.5,5,"["CEFR-J"]",1
right,adv,A1,5.5,5,"["CEFR-J"]",1
ring,verb,A1,5.5,5,"["CEFR-J"]",1
river,noun,A1,6,5,"["CEFR-J"]",1
role,noun,A1,5.5,5,"["CEFR-J"]",1
room,noun,A1,6,5,"["CEFR-J"]",1
rose,noun,A1,5.5,5,"["CEFR-J"]",1
row,noun,A1,5.5,5,"["CEFR-J"]",1
rude,adj,A1,5.5,5,"["CEFR-J"]",1
rule,noun,A1,5.5,5,"["CEFR-J"]",1
ruler,noun,A1,5.5,5,"["CEFR-J"]",1
run,noun,A1,6,5,"["CEFR-J"]",1
run,verb,A1,5.5,5,"["CEFR-J"]",1
's,other,A1,5.5,5,"["CEFR-J"]",1
sad,adj,A1,5.5,5,"["CEFR-J"]",1
sailor,noun,A1,6,5,"["CEFR-J"]",1
salad,noun,A1,6,5,"["CEFR-J"]",1
sale,noun,A1,6,5,"["CEFR-J"]",1
same,adj,A1,5.5,5,"["CEFR-J"]",1
same,adv,A1,5.5,5,"["CEFR-J"]",1
same,pron,A1,5.5,5,"["CEFR-J"]",1
sandwich,noun,A1,6,5,"["CEFR-J"]",1
Saturday,noun,A1,5.5,5,"["CEFR-J"]",1
save,verb,A1,5.5,5,"["CEFR-J"]",1
saw,noun,A1,6,5,"["CEFR-J"]",1
say,verb,A1,5.5,5,"["CEFR-J"]",1
school,noun,A1,6,5,"["CEFR-J"]",1
science,noun,A1,6,5,"["CEFR-J"]",1
scientist,noun,A1,6,5,"["CEFR-J"]",1
sea,noun,A1,6,5,"["CEFR-J"]",1
seat,noun,A1,6,5,"["CEFR-J"]",1
second,adj,A1,5.5,5,"["CEFR-J"]",1
section,noun,A1,5.5,5,"["CEFR-J"]",1
see,verb,A1,5.5,5,"["CEFR-J"]",1
self,noun,A1,5.5,5,"["CEFR-J"]",1
sell,verb,A1,5.5,5,"["CEFR-J"]",1
sentence,noun,A1,6,5,"["CEFR-J"]",1
September,noun,A1,5.5,5,"["CEFR-J"]",1
set,verb,A1,5.5,5,"["CEFR-J"]",1
seven,other,A1,5.5,5,"["CEFR-J"]",1
seventeen,other,A1,5.5,5,"["CEFR-J"]",1
seventy,other,A1,5.5,5,"["CEFR-J"]",1
shake,noun,A1,5.5,5,"["CEFR-J"]",1
share,verb,A1,5.5,5,"["CEFR-J"]",1
she,pron,A1,5.5,5,"["CEFR-J"]",1
sheep,noun,A1,5.5,5,"["CEFR-J"]",1
shelf,noun,A1,6,5,"["CEFR-J"]",1
ship,noun,A1,6,5,"["CEFR-J"]",1
shirt,noun,A1,6,5,"["CEFR-J"]",1
shoe,noun,A1,6,5,"["CEFR-J"]",1
shop,noun,A1,6,5,"["CEFR-J"]",1
shopping,noun,A1,6,5,"["CEFR-J"]",1
short,adj,A1,5.5,5,"["CEFR-J"]",1
short,adv,A1,5.5,5,"["CEFR-J"]",1
should,other,A1,5.5,5,"["CEFR-J"]",1
shoulder,noun,A1,5.5,5,"["CEFR-J"]",1
show,verb,A1,5.5,5,"["CEFR-J"]",1
shower,noun,A1,6,5,"["CEFR-J"]",1
shy,adj,A1,5.5,5,"["CEFR-J"]",1
sick,adj,A1,5.5,5,"["CEFR-J"]",1
side,noun,A1,5.5,5,"["CEFR-J"]",1
sight,noun,A1,5.5,5,"["CEFR-J"]",1
sign,noun,A1,6,5,"["CEFR-J"]",1
sing,verb,A1,5.5,5,"["CEFR-J"]",1
singer,noun,A1,6,5,"["CEFR-J"]",1
sir,noun,A1,6,5,"["CEFR-J"]",1
sister,noun,A1,6,5,"["CEFR-J"]",1
sit,verb,A1,5.5,5,"["CEFR-J"]",1
site,noun,A1,5.5,5,"["CEFR-J"]",1
six,other,A1,5.5,5,"["CEFR-J"]",1
sixteen,other,A1,5.5,5,"["CEFR-J"]",1
sixty,other,A1,5.5,5,"["CEFR-J"]",1
size,noun,A1,6,5,"["CEFR-J"]",1
skill,noun,A1,5.5,5,"["CEFR-J"]",1
skirt,noun,A1,6,5,"["CEFR-J"]",1
sky,noun,A1,5.5,5,"["CEFR-J"]",1
sleep,verb,A1,5.5,5,"["CEFR-J"]",1
slow,adj,A1,5.5,5,"["CEFR-J"]",1
small,adj,A1,5.5,5,"["CEFR-J"]",1
smart,adj,A1,5.5,5,"["CEFR-J"]",1
smell,noun,A1,5.5,5,"["CEFR-J"]",1
smile,noun,A1,5.5,5,"["CEFR-J"]",1
smith,noun,A1,6,5,"["CEFR-J"]",1
smoke,noun,A1,5.5,5,"["CEFR-J"]",1
smoking,noun,A1,6,5,"["CEFR-J"]",1
snake,noun,A1,5.5,5,"["CEFR-J"]",1
snow,noun,A1,6,5,"["CEFR-J"]",1
snowy,adj,A1,5.5,5,"["CEFR-J"]",1
so,conj,A1,5.5,5,"["CEFR-J"]",1
soccer,noun,A1,6,5,"["CEFR-J"]",1
social,adj,A1,5.5,5,"["CEFR-J"]",1
sofa,noun,A1,6,5,"["CEFR-J"]",1
solve,verb,A1,5.5,5,"["CEFR-J"]",1
some,det,A1,5.5,5,"["CEFR-J"]",1
some,pron,A1,5.5,5,"["CEFR-J"]",1
someone,pron,A1,5.5,5,"["CEFR-J"]",1
something,pron,A1,5.5,5,"["CEFR-J"]",1
son,noun,A1,6,5,"["CEFR-J"]",1
song,noun,A1,6,5,"["CEFR-J"]",1
soon,adv,A1,5.5,5,"["CEFR-J"]",1
sorry,adj,A1,5.5,5,"["CEFR-J"]",1
soup,noun,A1,6,5,"["CEFR-J"]",1
speak,verb,A1,5.5,5,"["CEFR-J"]",1
special,adj,A1,5.5,5,"["CEFR-J"]",1
speech,noun,A1,6,5,"["CEFR-J"]",1
spell,noun,A1,5.5,5,"["CEFR-J"]",1
spend,verb,A1,5.5,5,"["CEFR-J"]",1
sport,noun,A1,6,5,"["CEFR-J"]",1
spot,noun,A1,5.5,5,"["CEFR-J"]",1
spring,noun,A1,5.5,5,"["CEFR-J"]",1
spy,noun,A1,5.5,5,"["CEFR-J"]",1
stage,noun,A1,6,5,"["CEFR-J"]",1
stand,noun,A1,5.5,5,"["CEFR-J"]",1
star,noun,A1,5.5,5,"["CEFR-J"]",1
start,noun,A1,5.5,5,"["CEFR-J"]",1
start,verb,A1,5.5,5,"["CEFR-J"]",1
station,noun,A1,6,5,"["CEFR-J"]",1
stay,verb,A1,5.5,5,"["CEFR-J"]",1
step,verb,A1,5.5,5,"["CEFR-J"]",1
still,adj,A1,5.5,5,"["CEFR-J"]",1
stone,noun,A1,5.5,5,"["CEFR-J"]",1
stop,noun,A1,5.5,5,"["CEFR-J"]",1
stop,verb,A1,5.5,5,"["CEFR-J"]",1
store,noun,A1,6,5,"["CEFR-J"]",1
story/storey,noun,A1,6,5,"["CEFR-J"]",1
straight,adv,A1,5.5,5,"["CEFR-J"]",1
strange,adj,A1,5.5,5,"["CEFR-J"]",1
street,noun,A1,6,5,"["CEFR-J"]",1
strict,adj,A1,5.5,5,"["CEFR-J"]",1
strong,adj,A1,5.5,5,"["CEFR-J"]",1
student,noun,A1,6,5,"["CEFR-J"]",1
study,verb,A1,5.5,5,"["CEFR-J"]",1
subject,noun,A1,5.5,5,"["CEFR-J"]",1
subway,noun,A1,6,5,"["CEFR-J"]",1
successful,adj,A1,5.5,5,"["CEFR-J"]",1
sugar,noun,A1,6,5,"["CEFR-J"]",1
suggestion,noun,A1,5.5,5,"["CEFR-J"]",1
sum,noun,A1,5.5,5,"["CEFR-J"]",1
summer,noun,A1,5.5,5,"["CEFR-J"]",1
sun,noun,A1,5.5,5,"["CEFR-J"]",1
Sunday,noun,A1,5.5,5,"["CEFR-J"]",1
sunny,adj,A1,5.5,5,"["CEFR-J"]",1
sunshine,noun,A1,5.5,5,"["CEFR-J"]",1
super,adj,A1,5.5,5,"["CEFR-J"]",1
supermarket,noun,A1,6,5,"["CEFR-J"]",1
sure,adj,A1,5.5,5,"["CEFR-J"]",1
surf,noun,A1,5.5,5,"["CEFR-J"]",1
surprise,noun,A1,5.5,5,"["CEFR-J"]",1
survey,noun,A1,5.5,5,"["CEFR-J"]",1
sweet,adj,A1,5.5,5,"["CEFR-J"]",1
swim,noun,A1,6,5,"["CEFR-J"]",1
swim,verb,A1,5.5,5,"["CEFR-J"]",1
swimming,noun,A1,6,5,"["CEFR-J"]",1
swimming pool,noun,A1,6,5,"["CEFR-J"]",1
table,noun,A1,6,5,"["CEFR-J"]",1
take,verb,A1,5.5,5,"["CEFR-J"]",1
talk,verb,A1,5.5,5,"["CEFR-J"]",1
tall,adj,A1,5.5,5,"["CEFR-J"]",1
taxi,noun,A1,6,5,"["CEFR-J"]",1
tea,noun,A1,6,5,"["CEFR-J"]",1
teach,verb,A1,5.5,5,"["CEFR-J"]",1
teacher,noun,A1,6,5,"["CEFR-J"]",1
team,noun,A1,5.5,5,"["CEFR-J"]",1
technology,noun,A1,6,5,"["CEFR-J"]",1
telephone,noun,A1,6,5,"["CEFR-J"]",1
television,noun,A1,6,5,"["CEFR-J"]",1
tell,verb,A1,5.5,5,"["CEFR-J"]",1
temple,noun,A1,6,5,"["CEFR-J"]",1
ten,other,A1,5.5,5,"["CEFR-J"]",1
tennis,noun,A1,6,5,"["CEFR-J"]",1
terrible,adj,A1,5.5,5,"["CEFR-J"]",1
test,noun,A1,6,5,"["CEFR-J"]",1
than,conj,A1,5.5,5,"["CEFR-J"]",1
than,prep,A1,5.5,5,"["CEFR-J"]",1
thank,verb,A1,5.5,5,"["CEFR-J"]",1
thanks,noun,A1,5.5,5,"["CEFR-J"]",1
that,conj,A1,5.5,5,"["CEFR-J"]",1
that,det,A1,5.5,5,"["CEFR-J"]",1
that,pron,A1,5.5,5,"["CEFR-J"]",1
the,det,A1,5.5,5,"["CEFR-J"]",1
theater/theatre,noun,A1,6,5,"["CEFR-J"]",1
their,det,A1,5.5,5,"["CEFR-J"]",1
them,pron,A1,5.5,5,"["CEFR-J"]",1
then,adv,A1,5.5,5,"["CEFR-J"]",1
there,adv,A1,5.5,5,"["CEFR-J"]",1
these,det,A1,5.5,5,"["CEFR-J"]",1
these,pron,A1,5.5,5,"["CEFR-J"]",1
they,pron,A1,5.5,5,"["CEFR-J"]",1
thick,adj,A1,5.5,5,"["CEFR-J"]",1
thin,adj,A1,5.5,5,"["CEFR-J"]",1
thing,noun,A1,5.5,5,"["CEFR-J"]",1
think,verb,A1,5.5,5,"["CEFR-J"]",1
thirteen,other,A1,5.5,5,"["CEFR-J"]",1
thirty,other,A1,5.5,5,"["CEFR-J"]",1
this,det,A1,5.5,5,"["CEFR-J"]",1
this,pron,A1,5.5,5,"["CEFR-J"]",1
those,det,A1,5.5,5,"["CEFR-J"]",1
those,pron,A1,5.5,5,"["CEFR-J"]",1
three,other,A1,5.5,5,"["CEFR-J"]",1
through,prep,A1,5.5,5,"["CEFR-J"]",1
throw,noun,A1,5.5,5,"["CEFR-J"]",1
Thursday,noun,A1,5.5,5,"["CEFR-J"]",1
ticket,noun,A1,5.5,5,"["CEFR-J"]",1
tiger,noun,A1,5.5,5,"["CEFR-J"]",1
tight,adj,A1,5.5,5,"["CEFR-J"]",1
time,noun,A1,5.5,5,"["CEFR-J"]",1
tired,adj,A1,5.5,5,"["CEFR-J"]",1
to,other,A1,5.5,5,"["CEFR-J"]",1
to,prep,A1,5.5,5,"["CEFR-J"]",1
today,adv,A1,5.5,5,"["CEFR-J"]",1
today,noun,A1,5.5,5,"["CEFR-J"]",1
together,adv,A1,5.5,5,"["CEFR-J"]",1
toilet,noun,A1,6,5,"["CEFR-J"]",1
tomato,noun,A1,6,5,"["CEFR-J"]",1
tomorrow,adv,A1,5.5,5,"["CEFR-J"]",1
tomorrow,noun,A1,5.5,5,"["CEFR-J"]",1
tonight,adv,A1,5.5,5,"["CEFR-J"]",1
too,adv,A1,5.5,5,"["CEFR-J"]",1
tool,noun,A1,6,5,"["CEFR-J"]",1
tooth,noun,A1,6,5,"["CEFR-J"]",1
top,noun,A1,5.5,5,"["CEFR-J"]",1
topic,noun,A1,5.5,5,"["CEFR-J"]",1
touch,noun,A1,5.5,5,"["CEFR-J"]",1
towel,noun,A1,6,5,"["CEFR-J"]",1
tower,noun,A1,6,5,"["CEFR-J"]",1
town,noun,A1,6,5,"["CEFR-J"]",1
toy,noun,A1,6,5,"["CEFR-J"]",1
train,noun,A1,6,5,"["CEFR-J"]",1
travel,verb,A1,5.5,5,"["CEFR-J"]",1
tree,noun,A1,6,5,"["CEFR-J"]",1
trip,noun,A1,6,5,"["CEFR-J"]",1
trousers,noun,A1,6,5,"["CEFR-J"]",1
truck,noun,A1,6,5,"["CEFR-J"]",1
true,adj,A1,5.5,5,"["CEFR-J"]",1
try,noun,A1,5.5,5,"["CEFR-J"]",1
T-shirt/tee-shirt,noun,A1,6,5,"["CEFR-J"]",1
tube,noun,A1,5.5,5,"["CEFR-J"]",1
Tuesday,noun,A1,5.5,5,"["CEFR-J"]",1
turkey,noun,A1,6,5,"["CEFR-J"]",1
turn,noun,A1,5.5,5,"["CEFR-J"]",1
turn,verb,A1,5.5,5,"["CEFR-J"]",1
TV,noun,A1,6,5,"["CEFR-J"]",1
twelve,other,A1,5.5,5,"["CEFR-J"]",1
twenty,other,A1,5.5,5,"["CEFR-J"]",1
two,other,A1,5.5,5,"["CEFR-J"]",1
type,noun,A1,5.5,5,"["CEFR-J"]",1
ugly,adj,A1,5.5,5,"["CEFR-J"]",1
umbrella,noun,A1,6,5,"["CEFR-J"]",1
uncle,noun,A1,6,5,"["CEFR-J"]",1
under,prep,A1,5.5,5,"["CEFR-J"]",1
underline,noun,A1,5.5,5,"["CEFR-J"]",1
until,prep,A1,5.5,5,"["CEFR-J"]",1
up,prep,A1,5.5,5,"["CEFR-J"]",1
us,pron,A1,5.5,5,"["CEFR-J"]",1
use,verb,A1,5.5,5,"["CEFR-J"]",1
usually,adv,A1,5.5,5,"["CEFR-J"]",1
vacation,noun,A1,6,5,"["CEFR-J"]",1
vase,noun,A1,6,5,"["CEFR-J"]",1
vegetable,noun,A1,6,5,"["CEFR-J"]",1
very,adv,A1,5.5,5,"["CEFR-J"]",1
video,noun,A1,6,5,"["CEFR-J"]",1
visit,noun,A1,5.5,5,"["CEFR-J"]",1
visit,verb,A1,5.5,5,"["CEFR-J"]",1
volleyball,noun,A1,6,5,"["CEFR-J"]",1
vote,noun,A1,6,5,"["CEFR-J"]",1
wait,verb,A1,5.5,5,"["CEFR-J"]",1
waiter,noun,A1,6,5,"["CEFR-J"]",1
waitress,noun,A1,6,5,"["CEFR-J"]",1
wake,noun,A1,5.5,5,"["CEFR-J"]",1
walk,noun,A1,5.5,5,"["CEFR-J"]",1
walk,verb,A1,5.5,5,"["CEFR-J"]",1
wall,noun,A1,6,5,"["CEFR-J"]",1
want,verb,A1,5.5,5,"["CEFR-J"]",1
war,noun,A1,6,5,"["CEFR-J"]",1
warm,adj,A1,5.5,5,"["CEFR-J"]",1
was,other,A1,5.5,5,"["CEFR-J"]",1
wash,noun,A1,5.5,5,"["CEFR-J"]",1
wash,verb,A1,5.5,5,"["CEFR-J"]",1
watch,noun,A1,6,5,"["CEFR-J"]",1
watch,verb,A1,5.5,5,"["CEFR-J"]",1
water,noun,A1,5.5,5,"["CEFR-J"]",1
way,noun,A1,5.5,5,"["CEFR-J"]",1
we,pron,A1,5.5,5,"["CEFR-J"]",1
wear,verb,A1,5.5,5,"["CEFR-J"]",1
weather,noun,A1,5.5,5,"["CEFR-J"]",1
Wednesday,noun,A1,5.5,5,"["CEFR-J"]",1
week,noun,A1,5.5,5,"["CEFR-J"]",1
weekend,noun,A1,5.5,5,"["CEFR-J"]",1
welcome,other,A1,5.5,5,"["CEFR-J"]",1
welcome,verb,A1,5.5,5,"["CEFR-J"]",1
well,adj,A1,5.5,5,"["CEFR-J"]",1
well,adv,A1,5.5,5,"["CEFR-J"]",1
were,other,A1,5.5,5,"["CEFR-J"]",1
what,det,A1,5.5,5,"["CEFR-J"]",1
what,pron,A1,5.5,5,"["CEFR-J"]",1
wheel,noun,A1,5.5,5,"["CEFR-J"]",1
when,adv,A1,5.5,5,"["CEFR-J"]",1
when,conj,A1,5.5,5,"["CEFR-J"]",1
where,adv,A1,5.5,5,"["CEFR-J"]",1
where,conj,A1,5.5,5,"["CEFR-J"]",1
which,det,A1,5.5,5,"["CEFR-J"]",1
which,pron,A1,5.5,5,"["CEFR-J"]",1
white,adj,A1,5.5,5,"["CEFR-J"]",1
white,noun,A1,6,5,"["CEFR-J"]",1
who,pron,A1,5.5,5,"["CEFR-J"]",1
whose,det,A1,5.5,5,"["CEFR-J"]",1
whose,pron,A1,5.5,5,"["CEFR-J"]",1
why,adv,A1,5.5,5,"["CEFR-J"]",1
wife,noun,A1,6,5,"["CEFR-J"]",1
will,other,A1,5.5,5,"["CEFR-J"]",1
win,verb,A1,5.5,5,"["CEFR-J"]",1
wind,noun,A1,5.5,5,"["CEFR-J"]",1
window,noun,A1,6,5,"["CEFR-J"]",1
winter,noun,A1,5.5,5,"["CEFR-J"]",1
wish,noun,A1,5.5,5,"["CEFR-J"]",1
with,prep,A1,5.5,5,"["CEFR-J"]",1
woman,noun,A1,5.5,5,"["CEFR-J"]",1
wonderful,adj,A1,5.5,5,"["CEFR-J"]",1
word,noun,A1,6,5,"["CEFR-J"]",1
work,noun,A1,6,5,"["CEFR-J"]",1
work,verb,A1,5.5,5,"["CEFR-J"]",1
worker,noun,A1,6,5,"["CEFR-J"]",1
world,noun,A1,6,5,"["CEFR-J"]",1
worry,noun,A1,5.5,5,"["CEFR-J"]",1
would,other,A1,5.5,5,"["CEFR-J"]",1
write,verb,A1,5.5,5,"["CEFR-J"]",1
writer,noun,A1,6,5,"["CEFR-J"]",1
wrong,adj,A1,5.5,5,"["CEFR-J"]",1
yard,noun,A1,6,5,"["CEFR-J"]",1
year,noun,A1,5.5,5,"["CEFR-J"]",1
yellow,adj,A1,5.5,5,"["CEFR-J"]",1
yellow,noun,A1,6,5,"["CEFR-J"]",1
yes,adv,A1,5.5,5,"["CEFR-J"]",1
yesterday,adv,A1,5.5,5,"["CEFR-J"]",1
yet,adv,A1,5.5,5,"["CEFR-J"]",1
yogurt/yoghurt/yoghourt,noun,A1,6,5,"["CEFR-J"]",1
you,pron,A1,5.5,5,"["CEFR-J"]",1
young,adj,A1,5.5,5,"["CEFR-J"]",1
your,det,A1,5.5,5,"["CEFR-J"]",1
yours,pron,A1,5.5,5,"["CEFR-J"]",1
yourself,pron,A1,5.5,5,"["CEFR-J"]",1
zoo,noun,A1,5.5,5,"["CEFR-J"]",1
